wavenumber,u_stat,p_value,q_value,auc,n_high,n_low,significant,sample_type
3050.854846120364,2808.0,0.492915,0.548961,0.468,75,80,False,SERUM
3048.926366445193,2883.0,0.676578,0.714946,0.4805,75,80,False,SERUM
3046.997886770022,2847.0,0.58504,0.634001,0.4745,75,80,False,SERUM
3045.069407094851,2622.0,0.176482,0.226609,0.437,75,80,False,SERUM
3043.14092741968,2319.0,0.014827,0.023071,0.3865,75,80,True,SERUM
3041.212447744509,2321.0,0.015123,0.023484,0.3868,75,80,True,SERUM
3039.283968069338,2598.0,0.150547,0.198307,0.433,75,80,False,SERUM
3037.355488394167,2719.0,0.315209,0.368226,0.4532,75,80,False,SERUM
3035.427008718997,2608.0,0.160977,0.209516,0.4347,75,80,False,SERUM
3033.498529043825,2363.0,0.022665,0.033623,0.3938,75,80,True,SERUM
3031.570049368655,2333.0,0.017012,0.025994,0.3888,75,80,True,SERUM
3029.641569693484,2423.0,0.038999,0.056217,0.4038,75,80,False,SERUM
3027.713090018313,2445.0,0.047097,0.067131,0.4075,75,80,False,SERUM
3025.784610343142,2398.0,0.031262,0.045668,0.3997,75,80,True,SERUM
3023.856130667971,2339.0,0.018032,0.027442,0.3898,75,80,True,SERUM
3021.9276509928,2324.0,0.015577,0.024091,0.3873,75,80,True,SERUM
3019.999171317629,2347.0,0.019474,0.029462,0.3912,75,80,True,SERUM
3018.070691642458,2355.0,0.021017,0.031361,0.3925,75,80,True,SERUM
3016.142211967287,2330.0,0.016521,0.025397,0.3883,75,80,True,SERUM
3014.213732292117,2330.0,0.016521,0.025397,0.3883,75,80,True,SERUM
3012.285252616945,2348.0,0.019662,0.029628,0.3913,75,80,True,SERUM
3010.356772941775,2369.0,0.023974,0.035359,0.3948,75,80,True,SERUM
3008.428293266604,2375.0,0.025347,0.037241,0.3958,75,80,True,SERUM
3006.499813591433,2353.0,0.020622,0.030892,0.3922,75,80,True,SERUM
3004.571333916262,2292.0,0.011301,0.017875,0.382,75,80,True,SERUM
3002.642854241091,2216.0,0.005026,0.008222,0.3693,75,80,True,SERUM
3000.71437456592,2139.0,0.002062,0.003486,0.3565,75,80,True,SERUM
2998.785894890749,2034.0,0.000546,0.000955,0.339,75,80,True,SERUM
2996.857415215578,1989.0,0.000297,0.000538,0.3315,75,80,True,SERUM
2994.928935540408,1942.0,0.000153,0.000287,0.3237,75,80,True,SERUM
2993.000455865237,1915.0,0.000103,0.000198,0.3192,75,80,True,SERUM
2991.071976190066,1916.0,0.000105,0.000201,0.3193,75,80,True,SERUM
2989.143496514895,1922.0,0.000114,0.000218,0.3203,75,80,True,SERUM
2987.215016839724,1949.0,0.000169,0.000316,0.3248,75,80,True,SERUM
2985.286537164553,1958.0,0.000192,0.000357,0.3263,75,80,True,SERUM
2983.358057489382,2004.0,0.000365,0.000652,0.334,75,80,True,SERUM
2981.429577814211,2041.0,0.000599,0.001043,0.3402,75,80,True,SERUM
2979.501098139041,2094.0,0.001186,0.002032,0.349,75,80,True,SERUM
2977.572618463869,2150.0,0.002352,0.003968,0.3583,75,80,True,SERUM
2975.644138788698,2203.0,0.004346,0.007186,0.3672,75,80,True,SERUM
2973.715659113528,2255.0,0.007682,0.012304,0.3758,75,80,True,SERUM
2971.787179438357,2309.0,0.013421,0.020969,0.3848,75,80,True,SERUM
2969.858699763186,2353.0,0.020622,0.030892,0.3922,75,80,True,SERUM
2967.930220088015,2408.0,0.034183,0.049555,0.4013,75,80,True,SERUM
2966.001740412844,2446.0,0.047496,0.067574,0.4077,75,80,False,SERUM
2964.073260737673,2471.0,0.058447,0.082386,0.4118,75,80,False,SERUM
2962.144781062502,2498.0,0.072549,0.100594,0.4163,75,80,False,SERUM
2960.216301387331,2528.0,0.091365,0.124648,0.4213,75,80,False,SERUM
2958.287821712161,2555.0,0.111482,0.150482,0.4258,75,80,False,SERUM
2956.359342036989,2576.0,0.129425,0.172868,0.4293,75,80,False,SERUM
2954.430862361819,2589.0,0.141609,0.187503,0.4315,75,80,False,SERUM
2952.502382686648,2592.0,0.144542,0.191055,0.432,75,80,False,SERUM
2950.573903011477,2600.0,0.152591,0.200308,0.4333,75,80,False,SERUM
2948.645423336306,2600.0,0.152591,0.200308,0.4333,75,80,False,SERUM
2946.716943661135,2604.0,0.156741,0.205052,0.434,75,80,False,SERUM
2944.788463985964,2605.0,0.157792,0.206074,0.4342,75,80,False,SERUM
2942.859984310793,2608.0,0.160977,0.209516,0.4347,75,80,False,SERUM
2940.931504635622,2612.0,0.165298,0.214047,0.4353,75,80,False,SERUM
2939.003024960452,2639.0,0.196774,0.250559,0.4398,75,80,False,SERUM
2937.074545285281,2655.0,0.217386,0.271822,0.4425,75,80,False,SERUM
2935.146065610109,2673.0,0.24238,0.295813,0.4455,75,80,False,SERUM
2933.217585934939,2689.0,0.266238,0.31982,0.4482,75,80,False,SERUM
2931.289106259768,2704.0,0.290028,0.343537,0.4507,75,80,False,SERUM
2929.360626584597,2714.0,0.306661,0.359339,0.4523,75,80,False,SERUM
2927.432146909426,2727.0,0.32921,0.381664,0.4545,75,80,False,SERUM
2925.503667234255,2732.0,0.338162,0.390265,0.4553,75,80,False,SERUM
2923.575187559084,2727.0,0.32921,0.381664,0.4545,75,80,False,SERUM
2921.646707883913,2720.0,0.316938,0.369117,0.4533,75,80,False,SERUM
2919.718228208742,2715.0,0.308358,0.360774,0.4525,75,80,False,SERUM
2917.789748533572,2713.0,0.30497,0.359009,0.4522,75,80,False,SERUM
2915.861268858401,2702.0,0.286776,0.340213,0.4503,75,80,False,SERUM
2913.93278918323,2700.0,0.283548,0.337432,0.45,75,80,False,SERUM
2912.004309508059,2694.0,0.274014,0.327616,0.449,75,80,False,SERUM
2910.075829832888,2691.0,0.26933,0.32252,0.4485,75,80,False,SERUM
2908.147350157717,2691.0,0.26933,0.32252,0.4485,75,80,False,SERUM
2906.218870482546,2688.0,0.264701,0.318977,0.448,75,80,False,SERUM
2904.290390807375,2682.0,0.255608,0.309485,0.447,75,80,False,SERUM
2902.361911132204,2668.0,0.235243,0.288022,0.4447,75,80,False,SERUM
2900.433431457033,2667.0,0.233834,0.287217,0.4445,75,80,False,SERUM
2898.504951781862,2668.0,0.235243,0.288022,0.4447,75,80,False,SERUM
2896.576472106692,2652.0,0.213408,0.267723,0.442,75,80,False,SERUM
2894.647992431521,2653.0,0.214728,0.268938,0.4422,75,80,False,SERUM
2892.71951275635,2650.0,0.210785,0.264868,0.4417,75,80,False,SERUM
2890.791033081179,2641.0,0.199269,0.252474,0.4402,75,80,False,SERUM
2888.862553406008,2645.0,0.204329,0.257603,0.4408,75,80,False,SERUM
2886.934073730837,2645.0,0.204329,0.257603,0.4408,75,80,False,SERUM
2885.005594055666,2638.0,0.195535,0.250232,0.4397,75,80,False,SERUM
2883.077114380495,2640.0,0.198019,0.251306,0.44,75,80,False,SERUM
2881.148634705325,2639.0,0.196774,0.250559,0.4398,75,80,False,SERUM
2879.220155030153,2642.0,0.200526,0.253645,0.4403,75,80,False,SERUM
2877.291675354983,2660.0,0.224135,0.277986,0.4433,75,80,False,SERUM
2875.363195679812,2684.0,0.258615,0.312629,0.4473,75,80,False,SERUM
2873.434716004641,2714.0,0.306661,0.359339,0.4523,75,80,False,SERUM
2871.50623632947,2751.0,0.373588,0.429205,0.4585,75,80,False,SERUM
2869.577756654299,2783.0,0.438225,0.496741,0.4638,75,80,False,SERUM
2867.649276979128,2798.0,0.470611,0.527194,0.4663,75,80,False,SERUM
2865.720797303957,2807.0,0.490659,0.547246,0.4678,75,80,False,SERUM
2863.792317628786,2816.0,0.511158,0.567623,0.4693,75,80,False,SERUM
2861.863837953616,2826.0,0.534449,0.587509,0.471,75,80,False,SERUM
2859.935358278445,2838.0,0.563087,0.614569,0.473,75,80,False,SERUM
2858.006878603273,2847.0,0.58504,0.634001,0.4745,75,80,False,SERUM
2856.078398928103,2851.0,0.594923,0.641979,0.4752,75,80,False,SERUM
2854.149919252932,2862.0,0.622487,0.667013,0.477,75,80,False,SERUM
2852.221439577761,2865.0,0.630099,0.674224,0.4775,75,80,False,SERUM
2850.29295990259,2870.0,0.642874,0.686931,0.4783,75,80,False,SERUM
2848.364480227419,2876.0,0.658344,0.699548,0.4793,75,80,False,SERUM
2846.436000552248,2878.0,0.663534,0.704083,0.4797,75,80,False,SERUM
2844.507520877077,2890.0,0.695004,0.732391,0.4817,75,80,False,SERUM
2842.579041201906,2911.0,0.751334,0.780978,0.4852,75,80,False,SERUM
2840.650561526736,2936.0,0.820139,0.838803,0.4893,75,80,False,SERUM
2838.722081851565,2977.0,0.93579,0.941954,0.4962,75,80,False,SERUM
2836.793602176394,2994.0,0.984288,0.985578,0.499,75,80,False,SERUM
2834.865122501223,3029.0,0.91872,0.927215,0.5048,75,80,False,SERUM
2832.936642826052,3070.0,0.803477,0.826186,0.5117,75,80,False,SERUM
2831.008163150881,3089.0,0.751334,0.780978,0.5148,75,80,False,SERUM
2829.07968347571,3119.0,0.671348,0.710402,0.5198,75,80,False,SERUM
2827.151203800539,3152.0,0.587504,0.63487,0.5253,75,80,False,SERUM
2825.222724125369,3195.0,0.486165,0.543026,0.5325,75,80,False,SERUM
2823.294244450197,3232.0,0.407159,0.464283,0.5387,75,80,False,SERUM
2821.365764775026,3277.0,0.32216,0.374627,0.5462,75,80,False,SERUM
2819.437285099856,3314.0,0.261646,0.315793,0.5523,75,80,False,SERUM
2817.508805424685,3372.0,0.183458,0.235171,0.562,75,80,False,SERUM
2815.580325749514,3447.0,0.109881,0.148583,0.5745,75,80,False,SERUM
2813.651846074343,3517.0,0.064405,0.090285,0.5862,75,80,False,SERUM
2811.723366399172,3558.0,0.045915,0.065692,0.593,75,80,False,SERUM
2809.794886724001,3615.0,0.027788,0.040749,0.6025,75,80,True,SERUM
2807.86640704883,3652.0,0.019662,0.029628,0.6087,75,80,True,SERUM
2805.937927373659,3687.0,0.013969,0.02178,0.6145,75,80,True,SERUM
2804.009447698489,3733.0,0.008722,0.013882,0.6222,75,80,True,SERUM
2802.080968023317,3768.0,0.005994,0.009703,0.628,75,80,True,SERUM
2800.152488348147,3794.0,0.004495,0.007401,0.6323,75,80,True,SERUM
2798.224008672976,3843.0,0.002556,0.004301,0.6405,75,80,True,SERUM
2796.295528997805,3893.0,0.001395,0.002379,0.6488,75,80,True,SERUM
2794.367049322634,3936.0,0.000809,0.001402,0.656,75,80,True,SERUM
2792.438569647463,3960.0,0.000591,0.001031,0.66,75,80,True,SERUM
2790.510089972292,3982.0,0.000441,0.000781,0.6637,75,80,True,SERUM
2788.581610297121,4008.0,0.000309,0.00056,0.668,75,80,True,SERUM
2786.65313062195,4059.0,0.000151,0.000284,0.6765,75,80,True,SERUM
2784.72465094678,4124.0,5.8e-05,0.000114,0.6873,75,80,True,SERUM
2782.796171271609,4174.0,2.6e-05,5.4e-05,0.6957,75,80,True,SERUM
2780.867691596438,4187.0,2.2e-05,4.4e-05,0.6978,75,80,True,SERUM
2778.939211921267,4219.0,1.3e-05,2.7e-05,0.7032,75,80,True,SERUM
2777.010732246096,4249.0,8e-06,1.7e-05,0.7082,75,80,True,SERUM
2775.082252570925,4302.0,3e-06,7e-06,0.717,75,80,True,SERUM
2773.153772895754,4351.0,1e-06,3e-06,0.7252,75,80,True,SERUM
2771.225293220583,4383.0,1e-06,2e-06,0.7305,75,80,True,SERUM
2769.296813545412,4403.0,1e-06,1e-06,0.7338,75,80,True,SERUM
2767.368333870241,4423.0,0.0,1e-06,0.7372,75,80,True,SERUM
2765.43985419507,4416.0,0.0,1e-06,0.736,75,80,True,SERUM
2763.5113745199,4450.0,0.0,1e-06,0.7417,75,80,True,SERUM
2761.582894844729,4487.0,0.0,0.0,0.7478,75,80,True,SERUM
2759.654415169558,4517.0,0.0,0.0,0.7528,75,80,True,SERUM
2757.725935494387,4542.0,0.0,0.0,0.757,75,80,True,SERUM
2755.797455819216,4558.0,0.0,0.0,0.7597,75,80,True,SERUM
2753.868976144045,4552.0,0.0,0.0,0.7587,75,80,True,SERUM
2751.940496468874,4519.0,0.0,0.0,0.7532,75,80,True,SERUM
2750.012016793703,4518.0,0.0,0.0,0.753,75,80,True,SERUM
2748.083537118532,4493.0,0.0,0.0,0.7488,75,80,True,SERUM
2746.155057443361,4455.0,0.0,1e-06,0.7425,75,80,True,SERUM
2744.226577768191,4410.0,0.0,1e-06,0.735,75,80,True,SERUM
2742.29809809302,4355.0,1e-06,3e-06,0.7258,75,80,True,SERUM
2740.369618417849,4398.0,1e-06,2e-06,0.733,75,80,True,SERUM
2738.441138742678,4393.0,1e-06,2e-06,0.7322,75,80,True,SERUM
2736.512659067507,4349.0,1e-06,3e-06,0.7248,75,80,True,SERUM
2734.584179392336,4335.0,2e-06,4e-06,0.7225,75,80,True,SERUM
2732.655699717165,4333.0,2e-06,4e-06,0.7222,75,80,True,SERUM
2730.727220041994,4233.0,1e-05,2.2e-05,0.7055,75,80,True,SERUM
2728.798740366823,4068.0,0.000132,0.00025,0.678,75,80,True,SERUM
2726.870260691652,3795.0,0.004444,0.007334,0.6325,75,80,True,SERUM
2724.941781016481,3481.0,0.085348,0.117276,0.5802,75,80,False,SERUM
2723.013301341311,3319.0,0.254114,0.308654,0.5532,75,80,False,SERUM
2721.08482166614,3434.0,0.120619,0.162242,0.5723,75,80,False,SERUM
2719.156341990969,3574.0,0.040028,0.057592,0.5957,75,80,False,SERUM
2717.227862315798,3738.0,0.008274,0.013225,0.623,75,80,True,SERUM
2715.299382640627,3985.0,0.000423,0.000754,0.6642,75,80,True,SERUM
2713.370902965456,4001.0,0.00034,0.000612,0.6668,75,80,True,SERUM
2711.442423290285,3506.0,0.070299,0.098008,0.5843,75,80,False,SERUM
2709.513943615114,2817.0,0.513463,0.569355,0.4695,75,80,False,SERUM
2707.585463939944,2664.0,0.229642,0.282978,0.444,75,80,False,SERUM
2705.656984264772,2496.0,0.071417,0.099385,0.416,75,80,False,SERUM
2703.728504589601,2366.0,0.023311,0.034515,0.3943,75,80,True,SERUM
2701.800024914431,2264.0,0.008451,0.013479,0.3773,75,80,True,SERUM
2699.87154523926,2179.0,0.003305,0.005513,0.3632,75,80,True,SERUM
2697.943065564089,2188.0,0.003665,0.006087,0.3647,75,80,True,SERUM
2696.014585888918,2293.0,0.011417,0.018022,0.3822,75,80,True,SERUM
2694.086106213747,2456.0,0.05165,0.073075,0.4093,75,80,False,SERUM
2692.157626538576,2584.0,0.136822,0.181795,0.4307,75,80,False,SERUM
2690.229146863405,2665.0,0.231033,0.284234,0.4442,75,80,False,SERUM
2688.300667188234,2709.0,0.298267,0.352749,0.4515,75,80,False,SERUM
2686.372187513064,2702.0,0.286776,0.340213,0.4503,75,80,False,SERUM
2684.443707837893,2640.0,0.198019,0.251306,0.44,75,80,False,SERUM
2682.515228162722,2611.0,0.164209,0.212998,0.4352,75,80,False,SERUM
2680.586748487551,2614.0,0.167491,0.216154,0.4357,75,80,False,SERUM
2678.65826881238,2657.0,0.220068,0.273831,0.4428,75,80,False,SERUM
2676.729789137209,2740.0,0.352807,0.40594,0.4567,75,80,False,SERUM
2674.801309462038,2836.0,0.558263,0.610176,0.4727,75,80,False,SERUM
2672.872829786867,2948.0,0.8537,0.869636,0.4913,75,80,False,SERUM
2670.944350111697,3088.0,0.754053,0.782739,0.5147,75,80,False,SERUM
2669.015870436525,3242.0,0.387199,0.442844,0.5403,75,80,False,SERUM
2667.087390761355,3336.0,0.229642,0.282978,0.556,75,80,False,SERUM
2665.158911086184,3384.0,0.169706,0.218643,0.564,75,80,False,SERUM
2663.230431411013,3476.0,0.08865,0.121377,0.5793,75,80,False,SERUM
2661.301951735842,3567.0,0.04252,0.061062,0.5945,75,80,False,SERUM
2659.373472060671,3668.0,0.016847,0.025794,0.6113,75,80,True,SERUM
2657.4449923855,3751.0,0.007205,0.011589,0.6252,75,80,True,SERUM
2655.516512710329,3806.0,0.003925,0.006504,0.6343,75,80,True,SERUM
2653.588033035158,3861.0,0.002062,0.003486,0.6435,75,80,True,SERUM
2651.659553359988,3976.0,0.000478,0.000841,0.6627,75,80,True,SERUM
2649.731073684817,4088.0,9.9e-05,0.00019,0.6813,75,80,True,SERUM
2647.802594009645,4203.0,1.7e-05,3.5e-05,0.7005,75,80,True,SERUM
2645.874114334475,4304.0,3e-06,7e-06,0.7173,75,80,True,SERUM
2643.945634659304,4402.0,1e-06,1e-06,0.7337,75,80,True,SERUM
2642.017154984133,4462.0,0.0,1e-06,0.7437,75,80,True,SERUM
2640.088675308962,4524.0,0.0,0.0,0.754,75,80,True,SERUM
2638.160195633791,4582.0,0.0,0.0,0.7637,75,80,True,SERUM
2636.23171595862,4625.0,0.0,0.0,0.7708,75,80,True,SERUM
2634.303236283449,4670.0,0.0,0.0,0.7783,75,80,True,SERUM
2632.374756608278,4722.0,0.0,0.0,0.787,75,80,True,SERUM
2630.446276933108,4801.0,0.0,0.0,0.8002,75,80,True,SERUM
2628.517797257937,4882.0,0.0,0.0,0.8137,75,80,True,SERUM
2626.589317582765,4939.0,0.0,0.0,0.8232,75,80,True,SERUM
2624.660837907595,4983.0,0.0,0.0,0.8305,75,80,True,SERUM
2622.732358232424,5014.0,0.0,0.0,0.8357,75,80,True,SERUM
2620.803878557253,5054.0,0.0,0.0,0.8423,75,80,True,SERUM
2618.875398882082,5112.0,0.0,0.0,0.852,75,80,True,SERUM
2616.946919206911,5143.0,0.0,0.0,0.8572,75,80,True,SERUM
2615.01843953174,5175.0,0.0,0.0,0.8625,75,80,True,SERUM
2613.089959856569,5210.0,0.0,0.0,0.8683,75,80,True,SERUM
2611.161480181398,5237.0,0.0,0.0,0.8728,75,80,True,SERUM
2609.233000506228,5265.0,0.0,0.0,0.8775,75,80,True,SERUM
2607.304520831057,5284.0,0.0,0.0,0.8807,75,80,True,SERUM
2605.376041155886,5290.0,0.0,0.0,0.8817,75,80,True,SERUM
2603.447561480715,5304.0,0.0,0.0,0.884,75,80,True,SERUM
2601.519081805544,5321.0,0.0,0.0,0.8868,75,80,True,SERUM
2599.590602130373,5335.0,0.0,0.0,0.8892,75,80,True,SERUM
2597.662122455202,5347.0,0.0,0.0,0.8912,75,80,True,SERUM
2595.733642780031,5360.0,0.0,0.0,0.8933,75,80,True,SERUM
2593.80516310486,5363.0,0.0,0.0,0.8938,75,80,True,SERUM
2591.876683429689,5370.0,0.0,0.0,0.895,75,80,True,SERUM
2589.948203754519,5375.0,0.0,0.0,0.8958,75,80,True,SERUM
2588.019724079348,5388.0,0.0,0.0,0.898,75,80,True,SERUM
2586.091244404177,5393.0,0.0,0.0,0.8988,75,80,True,SERUM
2584.162764729006,5400.0,0.0,0.0,0.9,75,80,True,SERUM
2582.234285053835,5406.0,0.0,0.0,0.901,75,80,True,SERUM
2580.305805378664,5400.0,0.0,0.0,0.9,75,80,True,SERUM
2578.377325703493,5395.0,0.0,0.0,0.8992,75,80,True,SERUM
2576.448846028322,5399.0,0.0,0.0,0.8998,75,80,True,SERUM
2574.520366353152,5399.0,0.0,0.0,0.8998,75,80,True,SERUM
2572.59188667798,5407.0,0.0,0.0,0.9012,75,80,True,SERUM
2570.663407002809,5413.0,0.0,0.0,0.9022,75,80,True,SERUM
2568.734927327639,5408.0,0.0,0.0,0.9013,75,80,True,SERUM
2566.806447652468,5409.0,0.0,0.0,0.9015,75,80,True,SERUM
2564.877967977297,5411.0,0.0,0.0,0.9018,75,80,True,SERUM
2562.949488302126,5414.0,0.0,0.0,0.9023,75,80,True,SERUM
2561.021008626955,5411.0,0.0,0.0,0.9018,75,80,True,SERUM
2559.092528951784,5412.0,0.0,0.0,0.902,75,80,True,SERUM
2557.164049276613,5412.0,0.0,0.0,0.902,75,80,True,SERUM
2555.235569601442,5416.0,0.0,0.0,0.9027,75,80,True,SERUM
2553.307089926272,5428.0,0.0,0.0,0.9047,75,80,True,SERUM
2551.378610251101,5430.0,0.0,0.0,0.905,75,80,True,SERUM
2549.45013057593,5421.0,0.0,0.0,0.9035,75,80,True,SERUM
2547.521650900759,5423.0,0.0,0.0,0.9038,75,80,True,SERUM
2545.593171225588,5420.0,0.0,0.0,0.9033,75,80,True,SERUM
2543.664691550417,5420.0,0.0,0.0,0.9033,75,80,True,SERUM
2541.736211875246,5426.0,0.0,0.0,0.9043,75,80,True,SERUM
2539.807732200075,5429.0,0.0,0.0,0.9048,75,80,True,SERUM
2537.879252524904,5423.0,0.0,0.0,0.9038,75,80,True,SERUM
2535.950772849733,5418.0,0.0,0.0,0.903,75,80,True,SERUM
2534.022293174562,5414.0,0.0,0.0,0.9023,75,80,True,SERUM
2532.093813499392,5412.0,0.0,0.0,0.902,75,80,True,SERUM
2530.165333824221,5422.0,0.0,0.0,0.9037,75,80,True,SERUM
2528.23685414905,5433.0,0.0,0.0,0.9055,75,80,True,SERUM
2526.308374473879,5436.0,0.0,0.0,0.906,75,80,True,SERUM
2524.379894798708,5432.0,0.0,0.0,0.9053,75,80,True,SERUM
2522.451415123537,5435.0,0.0,0.0,0.9058,75,80,True,SERUM
2520.522935448366,5439.0,0.0,0.0,0.9065,75,80,True,SERUM
2518.594455773195,5439.0,0.0,0.0,0.9065,75,80,True,SERUM
2516.665976098025,5420.0,0.0,0.0,0.9033,75,80,True,SERUM
2514.737496422853,5420.0,0.0,0.0,0.9033,75,80,True,SERUM
2512.809016747683,5419.0,0.0,0.0,0.9032,75,80,True,SERUM
2510.880537072512,5422.0,0.0,0.0,0.9037,75,80,True,SERUM
2508.952057397341,5427.0,0.0,0.0,0.9045,75,80,True,SERUM
2507.02357772217,5435.0,0.0,0.0,0.9058,75,80,True,SERUM
2505.095098046999,5438.0,0.0,0.0,0.9063,75,80,True,SERUM
2503.166618371828,5443.0,0.0,0.0,0.9072,75,80,True,SERUM
2501.238138696657,5438.0,0.0,0.0,0.9063,75,80,True,SERUM
1849.412008488893,1028.0,0.0,0.0,0.1713,75,80,True,SERUM
1847.483528813722,1078.0,0.0,0.0,0.1797,75,80,True,SERUM
1845.555049138551,1122.0,0.0,0.0,0.187,75,80,True,SERUM
1843.62656946338,1186.0,0.0,0.0,0.1977,75,80,True,SERUM
1841.698089788209,1229.0,0.0,0.0,0.2048,75,80,True,SERUM
1839.769610113039,1268.0,0.0,0.0,0.2113,75,80,True,SERUM
1837.841130437868,1331.0,0.0,0.0,0.2218,75,80,True,SERUM
1835.912650762697,1401.0,0.0,0.0,0.2335,75,80,True,SERUM
1833.984171087526,1481.0,0.0,0.0,0.2468,75,80,True,SERUM
1832.055691412355,1559.0,0.0,1e-06,0.2598,75,80,True,SERUM
1830.127211737184,1643.0,1e-06,3e-06,0.2738,75,80,True,SERUM
1828.198732062013,1734.0,6e-06,1.3e-05,0.289,75,80,True,SERUM
1826.270252386842,1829.0,2.8e-05,5.6e-05,0.3048,75,80,True,SERUM
1824.341772711671,1906.0,9e-05,0.000176,0.3177,75,80,True,SERUM
1822.413293036501,1986.0,0.000285,0.000518,0.331,75,80,True,SERUM
1820.48481336133,2070.0,0.000874,0.001508,0.345,75,80,True,SERUM
1818.556333686158,2160.0,0.002648,0.004446,0.36,75,80,True,SERUM
1816.627854010988,2230.0,0.005865,0.009533,0.3717,75,80,True,SERUM
1814.699374335817,2323.0,0.015424,0.023903,0.3872,75,80,True,SERUM
1812.770894660646,2415.0,0.036363,0.052517,0.4025,75,80,False,SERUM
1810.842414985475,2499.0,0.073121,0.101203,0.4165,75,80,False,SERUM
1808.913935310304,2578.0,0.131245,0.174688,0.4297,75,80,False,SERUM
1806.985455635133,2680.0,0.252626,0.307335,0.4467,75,80,False,SERUM
1805.056975959963,2787.0,0.446733,0.504142,0.4645,75,80,False,SERUM
1803.128496284791,2890.0,0.695004,0.732391,0.4817,75,80,False,SERUM
1801.20001660962,2987.0,0.964301,0.968102,0.4978,75,80,False,SERUM
1799.27153693445,3056.0,0.84248,0.859352,0.5093,75,80,False,SERUM
1797.343057259279,3126.0,0.65317,0.695986,0.521,75,80,False,SERUM
1795.414577584108,3207.0,0.459671,0.515696,0.5345,75,80,False,SERUM
1793.486097908937,3288.0,0.303285,0.357576,0.548,75,80,False,SERUM
1791.557618233766,3343.0,0.220068,0.273831,0.5572,75,80,False,SERUM
1789.629138558595,3387.0,0.166392,0.215098,0.5645,75,80,False,SERUM
1787.700658883424,3414.0,0.138722,0.183999,0.569,75,80,False,SERUM
1785.772179208253,3460.0,0.099913,0.135584,0.5767,75,80,False,SERUM
1783.843699533082,3544.0,0.05165,0.073075,0.5907,75,80,False,SERUM
1781.915219857912,3594.0,0.033581,0.048868,0.599,75,80,True,SERUM
1779.986740182741,3640.0,0.022034,0.032751,0.6067,75,80,True,SERUM
1778.05826050757,3666.0,0.017178,0.026196,0.611,75,80,True,SERUM
1776.129780832399,3691.0,0.013421,0.020969,0.6152,75,80,True,SERUM
1774.201301157228,3692.0,0.013288,0.020888,0.6153,75,80,True,SERUM
1772.272821482057,3705.0,0.011652,0.018355,0.6175,75,80,True,SERUM
1770.344341806886,3714.0,0.010627,0.016844,0.619,75,80,True,SERUM
1768.415862131715,3668.0,0.016847,0.025794,0.6113,75,80,True,SERUM
1766.487382456544,3655.0,0.019104,0.029018,0.6092,75,80,True,SERUM
1764.558902781373,3673.0,0.016043,0.024761,0.6122,75,80,True,SERUM
1762.630423106202,3626.0,0.025114,0.036969,0.6043,75,80,True,SERUM
1760.701943431032,3587.0,0.035728,0.051698,0.5978,75,80,False,SERUM
1758.773463755861,3493.0,0.077828,0.107329,0.5822,75,80,False,SERUM
1756.84498408069,3353.0,0.206894,0.260407,0.5588,75,80,False,SERUM
1754.916504405519,3225.0,0.42149,0.479194,0.5375,75,80,False,SERUM
1752.988024730348,3120.0,0.668739,0.708623,0.52,75,80,False,SERUM
1751.059545055177,3067.0,0.811797,0.832501,0.5112,75,80,False,SERUM
1749.131065380006,3035.0,0.901688,0.913646,0.5058,75,80,False,SERUM
1747.202585704835,3007.0,0.981432,0.984008,0.5012,75,80,False,SERUM
1745.274106029664,3005.0,0.987145,0.987145,0.5008,75,80,False,SERUM
1743.345626354494,3030.0,0.915878,0.926796,0.505,75,80,False,SERUM
1741.417146679323,3077.0,0.784151,0.80849,0.5128,75,80,False,SERUM
1739.488667004152,3107.0,0.702958,0.737719,0.5178,75,80,False,SERUM
1737.560187328981,3145.0,0.604882,0.649971,0.5242,75,80,False,SERUM
1735.63170765381,3181.0,0.518089,0.573652,0.5302,75,80,False,SERUM
1733.703227978639,3174.0,0.534449,0.587509,0.529,75,80,False,SERUM
1731.774748303468,3177.0,0.527406,0.58144,0.5295,75,80,False,SERUM
1729.846268628297,3167.0,0.551065,0.604904,0.5278,75,80,False,SERUM
1727.917788953126,3085.0,0.762226,0.78908,0.5142,75,80,False,SERUM
1725.989309277955,3027.0,0.924406,0.931723,0.5045,75,80,False,SERUM
1724.060829602785,2949.0,0.85651,0.871336,0.4915,75,80,False,SERUM
1722.132349927614,2757.0,0.385236,0.44126,0.4595,75,80,False,SERUM
1720.203870252443,2657.0,0.220068,0.273831,0.4428,75,80,False,SERUM
1718.275390577272,2223.0,0.005431,0.008865,0.3705,75,80,True,SERUM
1716.346910902101,1831.0,2.9e-05,5.8e-05,0.3052,75,80,True,SERUM
1714.41843122693,2575.0,0.128523,0.171964,0.4292,75,80,False,SERUM
1712.489951551759,2662.0,0.226877,0.28093,0.4437,75,80,False,SERUM
1710.561471876588,3097.0,0.729699,0.76056,0.5162,75,80,False,SERUM
1708.632992201417,3022.0,0.938638,0.943578,0.5037,75,80,False,SERUM
1706.704512526246,3213.0,0.446733,0.504142,0.5355,75,80,False,SERUM
1704.776032851076,3867.0,0.001918,0.003257,0.6445,75,80,True,SERUM
1702.847553175905,3460.0,0.099913,0.135584,0.5767,75,80,False,SERUM
1700.919073500734,3763.0,0.00633,0.010224,0.6272,75,80,True,SERUM
1698.990593825563,4089.0,9.7e-05,0.000188,0.6815,75,80,True,SERUM
1697.062114150392,3750.0,0.007283,0.011689,0.625,75,80,True,SERUM
1695.133634475221,4083.0,0.000106,0.000203,0.6805,75,80,True,SERUM
1693.20515480005,4043.0,0.000189,0.000353,0.6738,75,80,True,SERUM
1691.276675124879,3646.0,0.020818,0.031126,0.6077,75,80,True,SERUM
1689.348195449708,4240.0,9e-06,1.9e-05,0.7067,75,80,True,SERUM
1687.419715774538,4325.0,2e-06,5e-06,0.7208,75,80,True,SERUM
1685.491236099367,4166.0,3e-05,6e-05,0.6943,75,80,True,SERUM
1683.562756424196,4450.0,0.0,1e-06,0.7417,75,80,True,SERUM
1681.634276749025,4405.0,0.0,1e-06,0.7342,75,80,True,SERUM
1679.705797073854,4553.0,0.0,0.0,0.7588,75,80,True,SERUM
1677.777317398683,4629.0,0.0,0.0,0.7715,75,80,True,SERUM
1675.848837723512,4507.0,0.0,0.0,0.7512,75,80,True,SERUM
1673.920358048341,4663.0,0.0,0.0,0.7772,75,80,True,SERUM
1671.99187837317,4556.0,0.0,0.0,0.7593,75,80,True,SERUM
1670.063398697999,4416.0,0.0,1e-06,0.736,75,80,True,SERUM
1668.134919022829,4372.0,1e-06,2e-06,0.7287,75,80,True,SERUM
1666.206439347658,4181.0,2.4e-05,4.9e-05,0.6968,75,80,True,SERUM
1664.277959672487,4037.0,0.000206,0.000382,0.6728,75,80,True,SERUM
1662.349479997316,4081.0,0.000109,0.000209,0.6802,75,80,True,SERUM
1660.421000322145,4007.0,0.000314,0.000566,0.6678,75,80,True,SERUM
1658.492520646974,3933.0,0.000841,0.001454,0.6555,75,80,True,SERUM
1656.564040971803,3924.0,0.000944,0.001625,0.654,75,80,True,SERUM
1654.635561296632,4014.0,0.000285,0.000518,0.669,75,80,True,SERUM
1652.707081621461,4027.0,0.000237,0.000435,0.6712,75,80,True,SERUM
1650.77860194629,4015.0,0.000281,0.000513,0.6692,75,80,True,SERUM
1648.85012227112,4192.0,2e-05,4.1e-05,0.6987,75,80,True,SERUM
1646.921642595948,3989.0,0.000401,0.000716,0.6648,75,80,True,SERUM
1644.993162920778,3429.0,0.124962,0.167493,0.5715,75,80,False,SERUM
1643.064683245607,3383.0,0.170821,0.21971,0.5638,75,80,False,SERUM
1641.136203570436,3080.0,0.775908,0.802157,0.5133,75,80,False,SERUM
1639.207723895265,2848.0,0.587504,0.63487,0.4747,75,80,False,SERUM
1637.279244220094,2956.0,0.876226,0.890208,0.4927,75,80,False,SERUM
1635.350764544923,2923.0,0.784151,0.80849,0.4872,75,80,False,SERUM
1633.422284869752,2897.0,0.713612,0.745827,0.4828,75,80,False,SERUM
1631.493805194581,3036.0,0.898853,0.911984,0.506,75,80,False,SERUM
1629.56532551941,3127.0,0.65059,0.694205,0.5212,75,80,False,SERUM
1627.63684584424,3099.0,0.724323,0.755988,0.5165,75,80,False,SERUM
1625.708366169069,3208.0,0.4575,0.514772,0.5347,75,80,False,SERUM
1623.779886493898,3237.0,0.397103,0.453493,0.5395,75,80,False,SERUM
1621.851406818727,3165.0,0.555858,0.609291,0.5275,75,80,False,SERUM
1619.922927143556,3280.0,0.316938,0.369117,0.5467,75,80,False,SERUM
1617.994447468385,3390.0,0.163126,0.211953,0.565,75,80,False,SERUM
1616.065967793214,3337.0,0.228256,0.282181,0.5562,75,80,False,SERUM
1614.137488118043,3432.0,0.122342,0.164269,0.572,75,80,False,SERUM
1612.209008442873,3555.0,0.047097,0.067131,0.5925,75,80,False,SERUM
1610.280528767702,3498.0,0.074858,0.10342,0.583,75,80,False,SERUM
1608.35204909253,3553.0,0.047899,0.06802,0.5922,75,80,False,SERUM
1606.42356941736,3593.0,0.033881,0.049211,0.5988,75,80,True,SERUM
1604.495089742189,3594.0,0.033581,0.048868,0.599,75,80,True,SERUM
1602.566610067018,3562.0,0.044379,0.063613,0.5937,75,80,False,SERUM
1600.638130391847,3512.0,0.067031,0.093795,0.5853,75,80,False,SERUM
1598.709650716676,3406.0,0.146523,0.19334,0.5677,75,80,False,SERUM
1596.781171041505,3288.0,0.303285,0.357576,0.548,75,80,False,SERUM
1594.852691366334,3160.0,0.567931,0.617211,0.5267,75,80,False,SERUM
1592.924211691163,2931.0,0.806248,0.827921,0.4885,75,80,False,SERUM
1590.995732015992,2689.0,0.266238,0.31982,0.4482,75,80,False,SERUM
1589.067252340822,2479.0,0.062365,0.087748,0.4132,75,80,False,SERUM
1587.138772665651,2347.0,0.019474,0.029462,0.3912,75,80,True,SERUM
1585.21029299048,2178.0,0.003267,0.005461,0.363,75,80,True,SERUM
1583.281813315309,1907.0,9.2e-05,0.000178,0.3178,75,80,True,SERUM
1581.353333640138,1850.0,3.9e-05,7.7e-05,0.3083,75,80,True,SERUM
1579.424853964967,1775.0,1.2e-05,2.4e-05,0.2958,75,80,True,SERUM
1577.496374289796,1616.0,1e-06,2e-06,0.2693,75,80,True,SERUM
1575.567894614625,1620.0,1e-06,2e-06,0.27,75,80,True,SERUM
1573.639414939454,1596.0,1e-06,1e-06,0.266,75,80,True,SERUM
1571.710935264284,1476.0,0.0,0.0,0.246,75,80,True,SERUM
1569.782455589112,1610.0,1e-06,2e-06,0.2683,75,80,True,SERUM
1567.853975913942,1581.0,0.0,1e-06,0.2635,75,80,True,SERUM
1565.925496238771,1423.0,0.0,0.0,0.2372,75,80,True,SERUM
1563.9970165636,1767.0,1e-05,2.2e-05,0.2945,75,80,True,SERUM
1562.068536888429,1696.0,3e-06,7e-06,0.2827,75,80,True,SERUM
1560.140057213258,1623.0,1e-06,2e-06,0.2705,75,80,True,SERUM
1558.211577538087,1896.0,7.8e-05,0.000152,0.316,75,80,True,SERUM
1556.283097862916,1968.0,0.000221,0.000406,0.328,75,80,True,SERUM
1554.354618187745,2046.0,0.00064,0.001111,0.341,75,80,True,SERUM
1552.426138512574,2369.0,0.023974,0.035359,0.3948,75,80,True,SERUM
1550.497658837404,2215.0,0.00497,0.008149,0.3692,75,80,True,SERUM
1548.569179162233,2185.0,0.003541,0.005894,0.3642,75,80,True,SERUM
1546.640699487062,2309.0,0.013421,0.020969,0.3848,75,80,True,SERUM
1544.712219811891,2032.0,0.000532,0.000932,0.3387,75,80,True,SERUM
1542.78374013672,1927.0,0.000123,0.000233,0.3212,75,80,True,SERUM
1540.855260461549,1880.0,6.1e-05,0.00012,0.3133,75,80,True,SERUM
1538.926780786378,1661.0,2e-06,4e-06,0.2768,75,80,True,SERUM
1536.998301111207,1579.0,0.0,1e-06,0.2632,75,80,True,SERUM
1535.069821436036,1588.0,0.0,1e-06,0.2647,75,80,True,SERUM
1533.141341760865,1329.0,0.0,0.0,0.2215,75,80,True,SERUM
1531.212862085695,1333.0,0.0,0.0,0.2222,75,80,True,SERUM
1529.284382410524,1493.0,0.0,0.0,0.2488,75,80,True,SERUM
1527.355902735353,1408.0,0.0,0.0,0.2347,75,80,True,SERUM
1525.427423060182,1399.0,0.0,0.0,0.2332,75,80,True,SERUM
1523.498943385011,1503.0,0.0,0.0,0.2505,75,80,True,SERUM
1521.57046370984,1462.0,0.0,0.0,0.2437,75,80,True,SERUM
1519.641984034669,1416.0,0.0,0.0,0.236,75,80,True,SERUM
1517.713504359498,1390.0,0.0,0.0,0.2317,75,80,True,SERUM
1515.785024684327,1295.0,0.0,0.0,0.2158,75,80,True,SERUM
1513.856545009157,1288.0,0.0,0.0,0.2147,75,80,True,SERUM
1511.928065333986,1216.0,0.0,0.0,0.2027,75,80,True,SERUM
1509.999585658815,1141.0,0.0,0.0,0.1902,75,80,True,SERUM
1508.071105983644,1208.0,0.0,0.0,0.2013,75,80,True,SERUM
1506.142626308473,1145.0,0.0,0.0,0.1908,75,80,True,SERUM
1504.214146633302,1138.0,0.0,0.0,0.1897,75,80,True,SERUM
1502.285666958131,1244.0,0.0,0.0,0.2073,75,80,True,SERUM
1500.35718728296,1098.0,0.0,0.0,0.183,75,80,True,SERUM
1498.428707607789,1174.0,0.0,0.0,0.1957,75,80,True,SERUM
1496.500227932618,1242.0,0.0,0.0,0.207,75,80,True,SERUM
1494.571748257448,1204.0,0.0,0.0,0.2007,75,80,True,SERUM
1492.643268582277,1272.0,0.0,0.0,0.212,75,80,True,SERUM
1490.714788907106,1292.0,0.0,0.0,0.2153,75,80,True,SERUM
1488.786309231935,1339.0,0.0,0.0,0.2232,75,80,True,SERUM
1486.857829556764,1410.0,0.0,0.0,0.235,75,80,True,SERUM
1484.929349881593,1425.0,0.0,0.0,0.2375,75,80,True,SERUM
1483.000870206422,1481.0,0.0,0.0,0.2468,75,80,True,SERUM
1481.072390531251,1565.0,0.0,1e-06,0.2608,75,80,True,SERUM
1479.14391085608,1601.0,1e-06,2e-06,0.2668,75,80,True,SERUM
1477.215431180909,1729.0,5e-06,1.2e-05,0.2882,75,80,True,SERUM
1475.286951505739,1780.0,1.3e-05,2.6e-05,0.2967,75,80,True,SERUM
1473.358471830568,1826.0,2.6e-05,5.4e-05,0.3043,75,80,True,SERUM
1471.429992155397,1927.0,0.000123,0.000233,0.3212,75,80,True,SERUM
1469.501512480226,1994.0,0.000318,0.000573,0.3323,75,80,True,SERUM
1467.573032805055,2022.0,0.000465,0.000821,0.337,75,80,True,SERUM
1465.644553129884,2017.0,0.000435,0.000773,0.3362,75,80,True,SERUM
1463.716073454713,1942.0,0.000153,0.000287,0.3237,75,80,True,SERUM
1461.787593779542,1893.0,7.4e-05,0.000146,0.3155,75,80,True,SERUM
1459.859114104371,1843.0,3.5e-05,6.9e-05,0.3072,75,80,True,SERUM
1457.930634429201,1807.0,2e-05,4.1e-05,0.3012,75,80,True,SERUM
1456.00215475403,1748.0,7e-06,1.6e-05,0.2913,75,80,True,SERUM
1454.073675078859,1668.0,2e-06,4e-06,0.278,75,80,True,SERUM
1452.145195403688,1594.0,0.0,1e-06,0.2657,75,80,True,SERUM
1450.216715728517,1586.0,0.0,1e-06,0.2643,75,80,True,SERUM
1448.288236053346,1541.0,0.0,1e-06,0.2568,75,80,True,SERUM
1446.359756378175,1518.0,0.0,0.0,0.253,75,80,True,SERUM
1444.431276703004,1516.0,0.0,0.0,0.2527,75,80,True,SERUM
1442.502797027833,1493.0,0.0,0.0,0.2488,75,80,True,SERUM
1440.574317352662,1481.0,0.0,0.0,0.2468,75,80,True,SERUM
1438.645837677491,1519.0,0.0,0.0,0.2532,75,80,True,SERUM
1436.71735800232,1492.0,0.0,0.0,0.2487,75,80,True,SERUM
1434.78887832715,1498.0,0.0,0.0,0.2497,75,80,True,SERUM
1432.860398651979,1532.0,0.0,0.0,0.2553,75,80,True,SERUM
1430.931918976808,1493.0,0.0,0.0,0.2488,75,80,True,SERUM
1429.003439301637,1504.0,0.0,0.0,0.2507,75,80,True,SERUM
1427.074959626466,1518.0,0.0,0.0,0.253,75,80,True,SERUM
1425.146479951295,1512.0,0.0,0.0,0.252,75,80,True,SERUM
1423.218000276124,1552.0,0.0,1e-06,0.2587,75,80,True,SERUM
1421.289520600953,1545.0,0.0,1e-06,0.2575,75,80,True,SERUM
1419.361040925782,1548.0,0.0,1e-06,0.258,75,80,True,SERUM
1417.432561250612,1578.0,0.0,1e-06,0.263,75,80,True,SERUM
1415.504081575441,1558.0,0.0,1e-06,0.2597,75,80,True,SERUM
1413.57560190027,1571.0,0.0,1e-06,0.2618,75,80,True,SERUM
1411.647122225099,1617.0,1e-06,2e-06,0.2695,75,80,True,SERUM
1409.718642549928,1647.0,1e-06,3e-06,0.2745,75,80,True,SERUM
1407.790162874757,1656.0,2e-06,4e-06,0.276,75,80,True,SERUM
1405.861683199586,1640.0,1e-06,3e-06,0.2733,75,80,True,SERUM
1403.933203524415,1627.0,1e-06,2e-06,0.2712,75,80,True,SERUM
1402.004723849244,1633.0,1e-06,3e-06,0.2722,75,80,True,SERUM
1400.076244174074,1597.0,1e-06,1e-06,0.2662,75,80,True,SERUM
1398.147764498902,1607.0,1e-06,2e-06,0.2678,75,80,True,SERUM
1396.219284823732,1666.0,2e-06,4e-06,0.2777,75,80,True,SERUM
1394.290805148561,1681.0,2e-06,5e-06,0.2802,75,80,True,SERUM
1392.36232547339,1763.0,1e-05,2e-05,0.2938,75,80,True,SERUM
1390.433845798219,1964.0,0.000209,0.000386,0.3273,75,80,True,SERUM
1388.505366123048,2231.0,0.005929,0.009618,0.3718,75,80,True,SERUM
1386.576886447877,2602.0,0.154655,0.20267,0.4337,75,80,False,SERUM
1384.648406772706,3209.0,0.455335,0.513092,0.5348,75,80,False,SERUM
1382.719927097535,3603.0,0.030983,0.045346,0.6005,75,80,True,SERUM
1380.791447422364,3827.0,0.003083,0.005165,0.6378,75,80,True,SERUM
1378.862967747194,3978.0,0.000465,0.000821,0.663,75,80,True,SERUM
1376.934488072023,4123.0,5.8e-05,0.000115,0.6872,75,80,True,SERUM
1375.006008396852,4180.0,2.4e-05,4.9e-05,0.6967,75,80,True,SERUM
1373.077528721681,4231.0,1.1e-05,2.2e-05,0.7052,75,80,True,SERUM
1371.14904904651,4293.0,4e-06,8e-06,0.7155,75,80,True,SERUM
1369.220569371339,4319.0,2e-06,5e-06,0.7198,75,80,True,SERUM
1367.292089696168,4347.0,1e-06,4e-06,0.7245,75,80,True,SERUM
1365.363610020997,4367.0,1e-06,3e-06,0.7278,75,80,True,SERUM
1363.435130345826,4392.0,1e-06,2e-06,0.732,75,80,True,SERUM
1361.506650670656,4404.0,1e-06,1e-06,0.734,75,80,True,SERUM
1359.578170995484,4407.0,0.0,1e-06,0.7345,75,80,True,SERUM
1357.649691320314,4399.0,1e-06,2e-06,0.7332,75,80,True,SERUM
1355.721211645143,4391.0,1e-06,2e-06,0.7318,75,80,True,SERUM
1353.792731969972,4389.0,1e-06,2e-06,0.7315,75,80,True,SERUM
1351.864252294801,4384.0,1e-06,2e-06,0.7307,75,80,True,SERUM
1349.93577261963,4386.0,1e-06,2e-06,0.731,75,80,True,SERUM
1348.007292944459,4383.0,1e-06,2e-06,0.7305,75,80,True,SERUM
1346.078813269288,4390.0,1e-06,2e-06,0.7317,75,80,True,SERUM
1344.150333594117,4401.0,1e-06,2e-06,0.7335,75,80,True,SERUM
1342.221853918946,4432.0,0.0,1e-06,0.7387,75,80,True,SERUM
1340.293374243775,4469.0,0.0,0.0,0.7448,75,80,True,SERUM
1338.364894568605,4499.0,0.0,0.0,0.7498,75,80,True,SERUM
1336.436414893434,4544.0,0.0,0.0,0.7573,75,80,True,SERUM
1334.507935218263,4578.0,0.0,0.0,0.763,75,80,True,SERUM
1332.579455543092,4591.0,0.0,0.0,0.7652,75,80,True,SERUM
1330.650975867921,4582.0,0.0,0.0,0.7637,75,80,True,SERUM
1328.72249619275,4590.0,0.0,0.0,0.765,75,80,True,SERUM
1326.794016517579,4599.0,0.0,0.0,0.7665,75,80,True,SERUM
1324.865536842408,4600.0,0.0,0.0,0.7667,75,80,True,SERUM
1322.937057167237,4598.0,0.0,0.0,0.7663,75,80,True,SERUM
1321.008577492067,4596.0,0.0,0.0,0.766,75,80,True,SERUM
1319.080097816896,4594.0,0.0,0.0,0.7657,75,80,True,SERUM
1317.151618141725,4597.0,0.0,0.0,0.7662,75,80,True,SERUM
1315.223138466554,4603.0,0.0,0.0,0.7672,75,80,True,SERUM
1313.294658791383,4598.0,0.0,0.0,0.7663,75,80,True,SERUM
1311.366179116212,4600.0,0.0,0.0,0.7667,75,80,True,SERUM
1309.437699441041,4611.0,0.0,0.0,0.7685,75,80,True,SERUM
1307.50921976587,4611.0,0.0,0.0,0.7685,75,80,True,SERUM
1305.580740090699,4621.0,0.0,0.0,0.7702,75,80,True,SERUM
1303.652260415528,4619.0,0.0,0.0,0.7698,75,80,True,SERUM
1301.723780740358,4634.0,0.0,0.0,0.7723,75,80,True,SERUM
1299.795301065187,4649.0,0.0,0.0,0.7748,75,80,True,SERUM
1297.866821390016,4670.0,0.0,0.0,0.7783,75,80,True,SERUM
1295.938341714845,4679.0,0.0,0.0,0.7798,75,80,True,SERUM
1294.009862039674,4698.0,0.0,0.0,0.783,75,80,True,SERUM
1292.081382364503,4720.0,0.0,0.0,0.7867,75,80,True,SERUM
1290.152902689332,4743.0,0.0,0.0,0.7905,75,80,True,SERUM
1288.224423014161,4766.0,0.0,0.0,0.7943,75,80,True,SERUM
1286.29594333899,4796.0,0.0,0.0,0.7993,75,80,True,SERUM
1284.367463663819,4820.0,0.0,0.0,0.8033,75,80,True,SERUM
1282.438983988648,4828.0,0.0,0.0,0.8047,75,80,True,SERUM
1280.510504313478,4847.0,0.0,0.0,0.8078,75,80,True,SERUM
1278.582024638307,4854.0,0.0,0.0,0.809,75,80,True,SERUM
1276.653544963136,4841.0,0.0,0.0,0.8068,75,80,True,SERUM
1274.725065287965,4847.0,0.0,0.0,0.8078,75,80,True,SERUM
1272.796585612794,4864.0,0.0,0.0,0.8107,75,80,True,SERUM
1270.868105937623,4892.0,0.0,0.0,0.8153,75,80,True,SERUM
1268.939626262452,4909.0,0.0,0.0,0.8182,75,80,True,SERUM
1267.011146587281,4901.0,0.0,0.0,0.8168,75,80,True,SERUM
1265.08266691211,4883.0,0.0,0.0,0.8138,75,80,True,SERUM
1263.15418723694,4894.0,0.0,0.0,0.8157,75,80,True,SERUM
1261.225707561769,4876.0,0.0,0.0,0.8127,75,80,True,SERUM
1259.297227886598,4709.0,0.0,0.0,0.7848,75,80,True,SERUM
1257.368748211427,4335.0,2e-06,4e-06,0.7225,75,80,True,SERUM
1255.440268536256,3996.0,0.000365,0.000652,0.666,75,80,True,SERUM
1253.511788861085,3790.0,0.004701,0.007723,0.6317,75,80,True,SERUM
1251.583309185914,3651.0,0.01985,0.029854,0.6085,75,80,True,SERUM
1249.654829510743,3517.0,0.064405,0.090285,0.5862,75,80,False,SERUM
1247.726349835572,3361.0,0.196774,0.250559,0.5602,75,80,False,SERUM
1245.797870160402,3230.0,0.411224,0.468219,0.5383,75,80,False,SERUM
1243.86939048523,3164.0,0.558263,0.610176,0.5273,75,80,False,SERUM
1241.94091081006,3124.0,0.658344,0.699548,0.5207,75,80,False,SERUM
1240.012431134889,3086.0,0.759499,0.787323,0.5143,75,80,False,SERUM
1238.083951459718,3064.0,0.820139,0.838803,0.5107,75,80,False,SERUM
1236.155471784547,3061.0,0.828501,0.846223,0.5102,75,80,False,SERUM
1234.226992109376,3072.0,0.797942,0.821601,0.512,75,80,False,SERUM
1232.298512434205,3105.0,0.708278,0.741266,0.5175,75,80,False,SERUM
1230.370032759034,3108.0,0.700303,0.735944,0.518,75,80,False,SERUM
1228.441553083863,3108.0,0.700303,0.735944,0.518,75,80,False,SERUM
1226.513073408692,3148.0,0.597406,0.642842,0.5247,75,80,False,SERUM
1224.584593733522,3197.0,0.481693,0.538819,0.5328,75,80,False,SERUM
1222.656114058351,3177.0,0.527406,0.58144,0.5295,75,80,False,SERUM
1220.72763438318,3161.0,0.565506,0.616329,0.5268,75,80,False,SERUM
1218.799154708009,3180.0,0.52041,0.575389,0.53,75,80,False,SERUM
1216.870675032838,3190.0,0.497443,0.553197,0.5317,75,80,False,SERUM
1214.942195357667,3214.0,0.444598,0.503219,0.5357,75,80,False,SERUM
1213.013715682496,3207.0,0.459671,0.515696,0.5345,75,80,False,SERUM
1211.085236007325,3139.0,0.619958,0.665236,0.5232,75,80,False,SERUM
1209.156756332154,3148.0,0.597406,0.642842,0.5247,75,80,False,SERUM
1207.228276656984,3328.0,0.240941,0.294526,0.5547,75,80,False,SERUM
1205.299796981813,3485.0,0.082778,0.113951,0.5808,75,80,False,SERUM
1203.371317306642,3510.0,0.068106,0.095125,0.585,75,80,False,SERUM
1201.442837631471,3452.0,0.105958,0.143532,0.5753,75,80,False,SERUM
1199.5143579563,3442.0,0.113918,0.153498,0.5737,75,80,False,SERUM
1197.585878281129,3480.0,0.086,0.117961,0.58,75,80,False,SERUM
1195.657398605958,3474.0,0.089999,0.123004,0.579,75,80,False,SERUM
1193.728918930787,3422.0,0.131245,0.174688,0.5703,75,80,False,SERUM
1191.800439255616,3325.0,0.245278,0.298871,0.5542,75,80,False,SERUM
1189.871959580445,3302.0,0.280346,0.334141,0.5503,75,80,False,SERUM
1187.943479905274,3160.0,0.567931,0.617211,0.5267,75,80,False,SERUM
1186.015000230103,2895.0,0.708278,0.741266,0.4825,75,80,False,SERUM
1184.086520554933,2698.0,0.280346,0.334141,0.4497,75,80,False,SERUM
1182.158040879762,2659.0,0.222774,0.276747,0.4432,75,80,False,SERUM
1180.229561204591,2714.0,0.306661,0.359339,0.4523,75,80,False,SERUM
1178.30108152942,2776.0,0.423561,0.480833,0.4627,75,80,False,SERUM
1176.372601854249,2754.0,0.379384,0.43521,0.459,75,80,False,SERUM
1174.444122179078,2732.0,0.338162,0.390265,0.4553,75,80,False,SERUM
1172.515642503907,2682.0,0.255608,0.309485,0.447,75,80,False,SERUM
1170.587162828736,2533.0,0.094853,0.129175,0.4222,75,80,False,SERUM
1168.658683153565,2283.0,0.010303,0.016365,0.3805,75,80,True,SERUM
1166.730203478395,2080.0,0.000994,0.001706,0.3467,75,80,True,SERUM
1164.801723803224,1949.0,0.000169,0.000316,0.3248,75,80,True,SERUM
1162.873244128053,1834.0,3e-05,6e-05,0.3057,75,80,True,SERUM
1160.944764452882,1748.0,7e-06,1.6e-05,0.2913,75,80,True,SERUM
1159.016284777711,1677.0,2e-06,5e-06,0.2795,75,80,True,SERUM
1157.08780510254,1605.0,1e-06,2e-06,0.2675,75,80,True,SERUM
1155.159325427369,1537.0,0.0,1e-06,0.2562,75,80,True,SERUM
1153.230845752198,1492.0,0.0,0.0,0.2487,75,80,True,SERUM
1151.302366077027,1391.0,0.0,0.0,0.2318,75,80,True,SERUM
1149.373886401856,1311.0,0.0,0.0,0.2185,75,80,True,SERUM
1147.445406726686,1281.0,0.0,0.0,0.2135,75,80,True,SERUM
1145.516927051515,1252.0,0.0,0.0,0.2087,75,80,True,SERUM
1143.588447376344,1181.0,0.0,0.0,0.1968,75,80,True,SERUM
1141.659967701173,1089.0,0.0,0.0,0.1815,75,80,True,SERUM
1139.731488026002,999.0,0.0,0.0,0.1665,75,80,True,SERUM
1137.803008350831,907.0,0.0,0.0,0.1512,75,80,True,SERUM
1135.87452867566,862.0,0.0,0.0,0.1437,75,80,True,SERUM
1133.946049000489,875.0,0.0,0.0,0.1458,75,80,True,SERUM
1132.017569325318,896.0,0.0,0.0,0.1493,75,80,True,SERUM
1130.089089650148,933.0,0.0,0.0,0.1555,75,80,True,SERUM
1128.160609974977,953.0,0.0,0.0,0.1588,75,80,True,SERUM
1126.232130299806,936.0,0.0,0.0,0.156,75,80,True,SERUM
1124.303650624635,937.0,0.0,0.0,0.1562,75,80,True,SERUM
1122.375170949464,918.0,0.0,0.0,0.153,75,80,True,SERUM
1120.446691274293,921.0,0.0,0.0,0.1535,75,80,True,SERUM
1118.518211599122,939.0,0.0,0.0,0.1565,75,80,True,SERUM
1116.589731923951,978.0,0.0,0.0,0.163,75,80,True,SERUM
1114.66125224878,1009.0,0.0,0.0,0.1682,75,80,True,SERUM
1112.732772573609,1087.0,0.0,0.0,0.1812,75,80,True,SERUM
1110.804292898438,1157.0,0.0,0.0,0.1928,75,80,True,SERUM
1108.875813223267,1216.0,0.0,0.0,0.2027,75,80,True,SERUM
1106.947333548097,1287.0,0.0,0.0,0.2145,75,80,True,SERUM
1105.018853872926,1348.0,0.0,0.0,0.2247,75,80,True,SERUM
1103.090374197755,1416.0,0.0,0.0,0.236,75,80,True,SERUM
1101.161894522584,1455.0,0.0,0.0,0.2425,75,80,True,SERUM
1099.233414847413,1534.0,0.0,1e-06,0.2557,75,80,True,SERUM
1097.304935172242,1567.0,0.0,1e-06,0.2612,75,80,True,SERUM
1095.376455497071,1619.0,1e-06,2e-06,0.2698,75,80,True,SERUM
1093.447975821901,1657.0,2e-06,4e-06,0.2762,75,80,True,SERUM
1091.51949614673,1693.0,3e-06,7e-06,0.2822,75,80,True,SERUM
1089.591016471559,1724.0,5e-06,1.1e-05,0.2873,75,80,True,SERUM
1087.662536796388,1746.0,7e-06,1.6e-05,0.291,75,80,True,SERUM
1085.734057121217,1737.0,6e-06,1.3e-05,0.2895,75,80,True,SERUM
1083.805577446046,1734.0,6e-06,1.3e-05,0.289,75,80,True,SERUM
1081.877097770875,1708.0,4e-06,8e-06,0.2847,75,80,True,SERUM
1079.948618095704,1695.0,3e-06,7e-06,0.2825,75,80,True,SERUM
1078.020138420533,1678.0,2e-06,5e-06,0.2797,75,80,True,SERUM
1076.091658745362,1661.0,2e-06,4e-06,0.2768,75,80,True,SERUM
1074.163179070191,1641.0,1e-06,3e-06,0.2735,75,80,True,SERUM
1072.23469939502,1637.0,1e-06,3e-06,0.2728,75,80,True,SERUM
1070.306219719849,1646.0,1e-06,3e-06,0.2743,75,80,True,SERUM
1068.377740044679,1659.0,2e-06,4e-06,0.2765,75,80,True,SERUM
1066.449260369508,1674.0,2e-06,5e-06,0.279,75,80,True,SERUM
1064.520780694337,1685.0,3e-06,6e-06,0.2808,75,80,True,SERUM
1062.592301019166,1682.0,2e-06,6e-06,0.2803,75,80,True,SERUM
1060.663821343995,1698.0,3e-06,7e-06,0.283,75,80,True,SERUM
1058.735341668824,1697.0,3e-06,7e-06,0.2828,75,80,True,SERUM
1056.806861993653,1679.0,2e-06,5e-06,0.2798,75,80,True,SERUM
1054.878382318482,1673.0,2e-06,5e-06,0.2788,75,80,True,SERUM
1052.949902643312,1682.0,2e-06,6e-06,0.2803,75,80,True,SERUM
1051.021422968141,1678.0,2e-06,5e-06,0.2797,75,80,True,SERUM
1049.092943292969,1651.0,1e-06,3e-06,0.2752,75,80,True,SERUM
1047.164463617799,1640.0,1e-06,3e-06,0.2733,75,80,True,SERUM
1045.235983942628,1626.0,1e-06,2e-06,0.271,75,80,True,SERUM
1043.307504267457,1628.0,1e-06,2e-06,0.2713,75,80,True,SERUM
1041.379024592286,1652.0,1e-06,3e-06,0.2753,75,80,True,SERUM
1039.450544917115,1697.0,3e-06,7e-06,0.2828,75,80,True,SERUM
1037.522065241944,1773.0,1.1e-05,2.4e-05,0.2955,75,80,True,SERUM
1035.593585566773,1867.0,5e-05,0.0001,0.3112,75,80,True,SERUM
1033.665105891602,1967.0,0.000218,0.000402,0.3278,75,80,True,SERUM
1031.736626216432,2103.0,0.001327,0.002269,0.3505,75,80,True,SERUM
1029.808146541261,2239.0,0.006469,0.010426,0.3732,75,80,True,SERUM
1027.87966686609,2460.0,0.053394,0.075403,0.41,75,80,False,SERUM
1025.951187190919,2728.0,0.330988,0.383144,0.4547,75,80,False,SERUM
1024.022707515748,3029.0,0.91872,0.927215,0.5048,75,80,False,SERUM
1022.094227840577,3261.0,0.350954,0.404418,0.5435,75,80,False,SERUM
1020.165748165406,3502.0,0.072549,0.100594,0.5837,75,80,False,SERUM
1018.237268490235,3640.0,0.022034,0.032751,0.6067,75,80,True,SERUM
1016.308788815064,3775.0,0.005552,0.009043,0.6292,75,80,True,SERUM
1014.380309139893,3882.0,0.001598,0.002719,0.647,75,80,True,SERUM
1012.451829464723,3975.0,0.000484,0.000851,0.6625,75,80,True,SERUM
1010.523349789552,4036.0,0.000209,0.000386,0.6727,75,80,True,SERUM
1008.594870114381,4089.0,9.7e-05,0.000188,0.6815,75,80,True,SERUM
1006.66639043921,4131.0,5.2e-05,0.000103,0.6885,75,80,True,SERUM
1004.737910764039,4188.0,2.1e-05,4.4e-05,0.698,75,80,True,SERUM
1002.809431088868,4245.0,8e-06,1.8e-05,0.7075,75,80,True,SERUM
1000.880951413697,4290.0,4e-06,9e-06,0.715,75,80,True,SERUM
998.9524717385261,4337.0,2e-06,4e-06,0.7228,75,80,True,SERUM
997.0239920633553,4369.0,1e-06,2e-06,0.7282,75,80,True,SERUM
995.0955123881845,4393.0,1e-06,2e-06,0.7322,75,80,True,SERUM
993.1670327130137,4418.0,0.0,1e-06,0.7363,75,80,True,SERUM
991.2385530378428,4449.0,0.0,1e-06,0.7415,75,80,True,SERUM
989.3100733626716,4481.0,0.0,0.0,0.7468,75,80,True,SERUM
987.3815936875008,4524.0,0.0,0.0,0.754,75,80,True,SERUM
985.4531140123299,4532.0,0.0,0.0,0.7553,75,80,True,SERUM
983.5246343371587,4565.0,0.0,0.0,0.7608,75,80,True,SERUM
981.5961546619883,4600.0,0.0,0.0,0.7667,75,80,True,SERUM
979.6676749868175,4626.0,0.0,0.0,0.771,75,80,True,SERUM
977.7391953116462,4654.0,0.0,0.0,0.7757,75,80,True,SERUM
975.8107156364754,4678.0,0.0,0.0,0.7797,75,80,True,SERUM
973.8822359613046,4692.0,0.0,0.0,0.782,75,80,True,SERUM
971.9537562861337,4704.0,0.0,0.0,0.784,75,80,True,SERUM
970.0252766109629,4712.0,0.0,0.0,0.7853,75,80,True,SERUM
968.0967969357921,4703.0,0.0,0.0,0.7838,75,80,True,SERUM
966.1683172606208,4670.0,0.0,0.0,0.7783,75,80,True,SERUM
964.23983758545,4638.0,0.0,0.0,0.773,75,80,True,SERUM
962.3113579102792,4624.0,0.0,0.0,0.7707,75,80,True,SERUM
960.3828782351084,4620.0,0.0,0.0,0.77,75,80,True,SERUM
958.4543985599371,4620.0,0.0,0.0,0.77,75,80,True,SERUM
956.5259188847667,4589.0,0.0,0.0,0.7648,75,80,True,SERUM
954.5974392095954,4534.0,0.0,0.0,0.7557,75,80,True,SERUM
952.6689595344246,4499.0,0.0,0.0,0.7498,75,80,True,SERUM
950.7404798592538,4442.0,0.0,1e-06,0.7403,75,80,True,SERUM
948.812000184083,4423.0,0.0,1e-06,0.7372,75,80,True,SERUM
946.8835205089117,4441.0,0.0,1e-06,0.7402,75,80,True,SERUM
944.9550408337414,4436.0,0.0,1e-06,0.7393,75,80,True,SERUM
943.0265611585701,4380.0,1e-06,2e-06,0.73,75,80,True,SERUM
941.0980814833993,4303.0,3e-06,7e-06,0.7172,75,80,True,SERUM
939.1696018082284,4278.0,5e-06,1.1e-05,0.713,75,80,True,SERUM
937.2411221330576,4280.0,5e-06,1e-05,0.7133,75,80,True,SERUM
935.3126424578863,4272.0,5e-06,1.2e-05,0.712,75,80,True,SERUM
933.3841627827155,4227.0,1.1e-05,2.4e-05,0.7045,75,80,True,SERUM
931.4556831075452,4147.0,4e-05,8.1e-05,0.6912,75,80,True,SERUM
929.5272034323739,4128.0,5.4e-05,0.000107,0.688,75,80,True,SERUM
